SOURCE_DOC_ID,SOURCE_PATH,SHA256,BYTE_SIZE,LINE_COUNT,TITLE,APPARENT_SCOPE,SOURCE_PROVENANCE
SRC-01,D:\DV\Task\DV_Agent_Harness_L5\L5DGVA\CODEX_L5_DGVA_Knowledge_Brain_Independent_Adversarial_Review_Prompt_v19.md,48258439ab25deb0ebf7d6f71984144344cdd1c4f79f06826b77bd92b4fe5ed8,5194,161,CODEX_L5_DGVA_Knowledge_Brain_Independent_Adversarial_Review_Prompt_v19.md,other,"PARENT_WORKING_TREE (git-untracked, read-only)"
SRC-02,D:\DV\Task\DV_Agent_Harness_L5\L5DGVA\L5_DGVA_Generic_Executable_Specification_Runtime_Claude_CLI_Implementation_Prompt.md,7d08022d0794ff9a939fada280383f639f3a7bea819354dac7751c5e7e706ff0,16232,440,L5_DGVA_Generic_Executable_Specification_Runtime_Claude_CLI_Implementation_Prompt.md,other,"PARENT_WORKING_TREE (git-untracked, read-only)"
SRC-03,D:\DV\Task\DV_Agent_Harness_L5\L5DGVA\L5_DGVA_Generic_MultiLevel_Verification_Contract.md,64a5dd43dc21ec8c6b85bff83ea23bb987f549099600bd500f8684d1168d974e,17701,453,L5_DGVA_Generic_MultiLevel_Verification_Contract.md,governing_contract_snapshot,"PARENT_WORKING_TREE (git-untracked, read-only)"
SRC-04,D:\DV\Task\DV_Agent_Harness_L5\L5DGVA\L5_DGVA_Generic_MultiLevel_Verification_Contract_v10.md,e7ac28baf948930663a2c1f818572e85c2a81d1b1fdebfe30dde09f875f5bd34,149275,3805,L5_DGVA_Generic_MultiLevel_Verification_Contract_v10.md,governing_contract_snapshot,"PARENT_WORKING_TREE (git-untracked, read-only)"
SRC-05,D:\DV\Task\DV_Agent_Harness_L5\L5DGVA\L5_DGVA_Generic_MultiLevel_Verification_Contract_v11_STRICT.md,7fca259c7424ebdb76454855c2940caa047267572dafc21d8b030aa26736199d,164561,4188,L5_DGVA_Generic_MultiLevel_Verification_Contract_v11_STRICT.md,governing_contract_snapshot,"PARENT_WORKING_TREE (git-untracked, read-only)"
SRC-06,D:\DV\Task\DV_Agent_Harness_L5\L5DGVA\L5_DGVA_Generic_MultiLevel_Verification_Contract_v12_STRICT.md,a60cbb1f3555efdebb91273a5fed8feb2a28b7bb438809df910d7bc5cf1dd640,179662,4574,L5_DGVA_Generic_MultiLevel_Verification_Contract_v12_STRICT.md,governing_contract_snapshot,"PARENT_WORKING_TREE (git-untracked, read-only)"
SRC-07,D:\DV\Task\DV_Agent_Harness_L5\L5DGVA\L5_DGVA_Generic_MultiLevel_Verification_Contract_v13_STRICT.md,c02cb64712f497571c0360276446a32a99ed98ccdf3e9d09810cacc15fa3c377,194944,4981,L5_DGVA_Generic_MultiLevel_Verification_Contract_v13_STRICT.md,governing_contract_snapshot,"PARENT_WORKING_TREE (git-untracked, read-only)"
SRC-08,D:\DV\Task\DV_Agent_Harness_L5\L5DGVA\L5_DGVA_Generic_MultiLevel_Verification_Contract_v14_STRICT_AI_Architecture.md,450795eeffc213db0e0cea301958b87891468a99ccfce4ed349ee704a506df68,210814,5424,L5_DGVA_Generic_MultiLevel_Verification_Contract_v14_STRICT_AI_Architecture.md,governing_contract_snapshot,"PARENT_WORKING_TREE (git-untracked, read-only)"
SRC-09,D:\DV\Task\DV_Agent_Harness_L5\L5DGVA\L5_DGVA_Generic_MultiLevel_Verification_Contract_v15_ULTRA_STRICT_ClaudeCLI_Behavior.md,8f49081f093a8416b97ec0e086c02b30c05eb7b3ddc2826417bf0ad041ab09b1,226529,5853,L5_DGVA_Generic_MultiLevel_Verification_Contract_v15_ULTRA_STRICT_ClaudeCLI_Behavior.md,governing_contract_snapshot,"PARENT_WORKING_TREE (git-untracked, read-only)"
SRC-10,D:\DV\Task\DV_Agent_Harness_L5\L5DGVA\L5_DGVA_Generic_MultiLevel_Verification_Contract_v16_ULTRA_STRICT_Reference_USB_Command_Deep_Study.md,569b525f59f4c185c9090142a71f76649deda42e41dc34c0a2b73ddf3ab3286a,242527,6296,L5_DGVA_Generic_MultiLevel_Verification_Contract_v16_ULTRA_STRICT_Reference_USB_Command_Deep_Study.md,governing_contract_snapshot,"PARENT_WORKING_TREE (git-untracked, read-only)"
SRC-11,D:\DV\Task\DV_Agent_Harness_L5\L5DGVA\L5_DGVA_Generic_MultiLevel_Verification_Contract_v17_ULTRA_STRICT_Auto_KC_Debug.md,780506b76baaabb1fdf581f55c1d9b97180724b2e39aa28d547493934f33b316,256784,6659,L5_DGVA_Generic_MultiLevel_Verification_Contract_v17_ULTRA_STRICT_Auto_KC_Debug.md,governing_contract_snapshot,"PARENT_WORKING_TREE (git-untracked, read-only)"
SRC-12,D:\DV\Task\DV_Agent_Harness_L5\L5DGVA\L5_DGVA_Generic_MultiLevel_Verification_Contract_v18_ULTRA_STRICT_KC_Memory_Obsidian_E2E.md,61f8f8f51348da001a36a3808743abcb43e88e60d24155ee0de5a08bb48e7730,272847,7095,L5_DGVA_Generic_MultiLevel_Verification_Contract_v18_ULTRA_STRICT_KC_Memory_Obsidian_E2E.md,governing_contract_snapshot,"PARENT_WORKING_TREE (git-untracked, read-only)"
SRC-13,D:\DV\Task\DV_Agent_Harness_L5\L5DGVA\L5_DGVA_Generic_MultiLevel_Verification_Contract_v19_ULTRA_STRICT_Knowledge_Brain_Runtime_Proof.md,7d51acee7e5a4a278f3a9547099a6410483b777b991c38b45950d53d1b8801fa,282506,7369,L5_DGVA_Generic_MultiLevel_Verification_Contract_v19_ULTRA_STRICT_Knowledge_Brain_Runtime_Proof.md,governing_contract_snapshot,"PARENT_WORKING_TREE (git-untracked, read-only)"
SRC-14,D:\DV\Task\DV_Agent_Harness_L5\L5DGVA\L5_DGVA_Generic_MultiLevel_Verification_Contract_v2.md,5f5b8dddd232b6b90823526db42f7553e5413361467f7cf576daf39c3e18f437,27344,732,L5_DGVA_Generic_MultiLevel_Verification_Contract_v2.md,governing_contract_snapshot,"PARENT_WORKING_TREE (git-untracked, read-only)"
SRC-15,D:\DV\Task\DV_Agent_Harness_L5\L5DGVA\L5_DGVA_Generic_MultiLevel_Verification_Contract_v3.md,9a8ffaf5ff56e468eb2df31c052783a43f384d6bdcb695faf6dc2dd937ac05f6,39222,1014,L5_DGVA_Generic_MultiLevel_Verification_Contract_v3.md,governing_contract_snapshot,"PARENT_WORKING_TREE (git-untracked, read-only)"
SRC-16,D:\DV\Task\DV_Agent_Harness_L5\L5DGVA\L5_DGVA_Generic_MultiLevel_Verification_Contract_v4.md,dfbcff9a12e57c56171e103fd269a48fffdeef799c4e5f59b18ba7eb1ff73fb4,53570,1373,L5_DGVA_Generic_MultiLevel_Verification_Contract_v4.md,governing_contract_snapshot,"PARENT_WORKING_TREE (git-untracked, read-only)"
SRC-17,D:\DV\Task\DV_Agent_Harness_L5\L5DGVA\L5_DGVA_Generic_MultiLevel_Verification_Contract_v5.md,2044a30a145bccc4f998353ce01adfe9421eb5d0f7c145d51eae7431f0b1b38c,68447,1732,L5_DGVA_Generic_MultiLevel_Verification_Contract_v5.md,governing_contract_snapshot,"PARENT_WORKING_TREE (git-untracked, read-only)"
SRC-18,D:\DV\Task\DV_Agent_Harness_L5\L5DGVA\L5_DGVA_Generic_MultiLevel_Verification_Contract_v6.md,1bccd49db09e6fdc64d54759ca860a9eac3706e370546e050b8be1eaf223cefc,82648,2083,L5_DGVA_Generic_MultiLevel_Verification_Contract_v6.md,governing_contract_snapshot,"PARENT_WORKING_TREE (git-untracked, read-only)"
SRC-19,D:\DV\Task\DV_Agent_Harness_L5\L5DGVA\L5_DGVA_Generic_MultiLevel_Verification_Contract_v7.md,bdff7740d98562bec1ab453a5a3a57d0bb711f964673082343af8c246fa3575d,100794,2573,L5_DGVA_Generic_MultiLevel_Verification_Contract_v7.md,governing_contract_snapshot,"PARENT_WORKING_TREE (git-untracked, read-only)"
SRC-20,D:\DV\Task\DV_Agent_Harness_L5\L5DGVA\L5_DGVA_Generic_MultiLevel_Verification_Contract_v8.md,cce9745584f149ab380dd2734fd4287783c949e6b9880ae56810fbaab8f508ce,116240,2953,L5_DGVA_Generic_MultiLevel_Verification_Contract_v8.md,governing_contract_snapshot,"PARENT_WORKING_TREE (git-untracked, read-only)"
SRC-21,D:\DV\Task\DV_Agent_Harness_L5\L5DGVA\L5_DGVA_Generic_MultiLevel_Verification_Contract_v9.md,2fb3f7e5d537a6790c915040cab64e2b0dff749d2b3b8ae531baac20b5cf8f79,133573,3382,L5_DGVA_Generic_MultiLevel_Verification_Contract_v9.md,governing_contract_snapshot,"PARENT_WORKING_TREE (git-untracked, read-only)"
SRC-22,D:\DV\Task\DV_Agent_Harness_L5\L5DGVA\L5_DGVA_v20_IMPLEMENTATION_STRICT_Contract_as_Code_Knowledge_Brain_Activation.md,8338fbbab50bbc22b5995b22cdd0a87074ac8d03e19b7ee31e0a85974b62a8b4,294952,7674,L5_DGVA_v20_IMPLEMENTATION_STRICT_Contract_as_Code_Knowledge_Brain_Activation.md,governing_contract_snapshot,"PARENT_WORKING_TREE (git-untracked, read-only)"
SRC-23,D:\DV\Task\DV_Agent_Harness_L5\L5DGVA\L5_DGVA_v21_IMPLEMENTATION_STRICT_All_Contract_100pct_Runtime_Closure.md,319042b7ce25a7121415b5ad200e7aa7f6dffddda5869a530fd59f1a8b2e4b9c,307538,8004,L5_DGVA_v21_IMPLEMENTATION_STRICT_All_Contract_100pct_Runtime_Closure.md,governing_contract_snapshot,"PARENT_WORKING_TREE (git-untracked, read-only)"
SRC-24,D:\DV\Task\DV_Agent_Harness_L5\L5DGVA\L5_DGVA_v22_EXECUTION_ENFORCEMENT_Governing_Contract_Activation_Dispatch.md,688ebaac53f33a40c3600a8a5012fddb3fd2df6158b87b2a963e1529437e646a,322439,8445,L5_DGVA_v22_EXECUTION_ENFORCEMENT_Governing_Contract_Activation_Dispatch.md,governing_contract_snapshot,"PARENT_WORKING_TREE (git-untracked, read-only)"
SRC-25,D:\DV\Task\DV_Agent_Harness_L5\L5DGVA\L5_DGVA_v23_IMPLEMENTATION_STRICT_Autonomous_Remote_Transport_Recovery.md,494af6c6ed7fe45c6bfcf9143422fe8c083fd20ac99a356d8e524b487a9ef464,337577,8869,L5_DGVA_v23_IMPLEMENTATION_STRICT_Autonomous_Remote_Transport_Recovery.md,governing_contract_snapshot,"PARENT_WORKING_TREE (git-untracked, read-only)"
