STAGE_ID,STAGE_NAME,PRODUCER,REAL_INPUT,INPUT_PROVENANCE,IMPLEMENTATION,OUTPUT,CONSUMER,PRODUCTION_ENTRY_PATH,EVIDENCE,FAILURE_PATH,HITL_REQUIREMENT,HUMAN_AUTHORITY,STRUCTURAL_CONNECTED,PRODUCTION_CONNECTED,EVIDENCE_CONNECTED,FAILURE_PATH_VALIDATED,HITL_VALIDATED,REGRESSION_VALIDATED,QUALIFIED_CONNECTED,EVIDENCE_REFS
1,Intake,CLI start argv / dashboard POST /api/start JSON body,goal string; optional protocols/role/level/generate*/task_boundary*,HUMAN_EXPLICIT (CLI args / JSON body) or AUTO_DISCOVERED (a prior run's own .dv-harness/lifecycle.json fact),engine.py start_lifecycle()'s _lifecycle_entry_plan() -> lc.create()/ADOPT_LEGACY/RESUME,a real lifecycle.json record + an entry-plan action (CREATE/ADOPT_LEGACY/RESUME),Field Resolution,CLI start; dashboard POST /api/start,"test_start_lifecycle_dispatch.py families 1/4/5/8 (normal execution, lifecycle gate rejection, allowed/invalid transition, backward-compatible no-lifecycle-file caller)",a post-INTAKE stage refused pre-INTAKE_READY (test_invalid_transition_is_refused_by_the_real_lifecycle_gate),NOT_APPLICABLE -- Intake itself asks no question (Field Resolution/Clarification own that),N/A,YES,YES,YES,YES,NOT_APPLICABLE,YES,YES,test_start_lifecycle_dispatch.py
2,Field Resolution,engine.py start_lifecycle()'s field_controls_for_resolution loop,"3 real generation FieldControls (protocol/role/verification_level), each domain=env",DECLARED (CLI/JSON) > AUTO_DISCOVERED (lifecycle.json fact) > UNKNOWN (files a question),clarification_service.resolve_or_ask() -> intake_field_resolution.resolve_field(),"a resolved EffectiveValue per field, or a filed question",Clarification / QuestionOwner / HumanGate,same as stage 1 (generation_request opts a call into this loop),"test_m6_c1_golden_path_connectivity.py (20), test_m5m6_vlevel_001_production_connectivity.py (6), test_intake_field_resolution.py (conflict/authority-order families)","conflicting declared-vs-discovered evidence is CONTRADICTED, never silently overwritten (test_declared_versus_discovered_conflict_is_contradicted_never_silently_overwritten); more than 3 sides refused (test_a_conflict_with_more_than_three_sides_is_refused_rather_than_truncated)",REQUIRED for an unresolved field,"n/a at this stage (authority is QuestionOwner's own field, stage 4)",YES,YES,YES,YES,YES,YES,YES,test_m6_c1_golden_path_connectivity.py;test_m5m6_vlevel_001_production_connectivity.py;test_intake_field_resolution.py
3,Clarification hand-off,clarification_service.resolve_or_ask() (an unresolved required field),the same FieldControl + its own UNKNOWN/CONFLICT QuestionDecision,"derived from stage 2's own resolve_field() verdict, never re-declared",question_queue.file_clarification()/evaluate_question_gate(),"a real, persisted question in .dv-harness question queue",QuestionOwner / HumanGate,same as stage 1/2,test_m6_c1_golden_path_connectivity.py::test_all_three_unresolved_files_three_real_questions; test_clarification_service.py unresolved-question family,"a genuinely unresolved field files exactly one question (idempotent, never re-filed without evidence change -- test_duplicate_question_is_not_re_filed_without_evidence_change)",REQUIRED,n/a at this stage,YES,YES,YES,YES,YES,YES,YES,test_m6_c1_golden_path_connectivity.py;test_clarification_service.py
4,QuestionOwner,"clarification_service.classify_question_owner(control, decision)",control.domain (dut/env/vip) + decision.kind (UNKNOWN/CONFLICT),"derived, never declared by a caller",_DOMAIN_DEFAULT_OWNER mapping + the one real dut+CONFLICT->SHARED promotion,"authority_role in {DESIGN, VERIFICATION, SHARED}, persisted on the question record",HumanGate,same as stage 1/2/3,"DV/VERIFICATION (M6-production, real): test_protocol_and_role_question_owner_is_verification (extended for verification_level). DE/DESIGN and SHARED (mechanism-level, see NOTES): test_de_question_owner_is_design_for_a_dut_domain_field; test_shared_question_owner_only_for_a_genuine_dut_conflict; test_an_ordinary_unknown_dut_field_is_not_automatically_shared",n/a (QuestionOwner classification itself has no failure mode -- it always returns one of the 3 real values),REQUIRED,DESIGN for dut; VERIFICATION for env/vip; SHARED for a genuine dut CONFLICT -- see M6_FINAL_HITL_QUALIFICATION.md for the M6-scope DESIGN/SHARED NOT_APPLICABLE finding,YES,YES,YES,N/A,YES,YES,YES,test_m6_c1_golden_path_connectivity.py;test_clarification_service.py
5,HumanGate,clarification_service.resolve_or_ask()'s own gate check,the filed question's own answer state (None vs a real human answer),"question_queue's own persisted answer field, never inferred",evaluate_question_gate()-derived blocking + the real Answer->Field-Resolution re-entry,"AgentResult(ok=False, blocked_by=clarification) while unanswered; resumed dispatch once answered",EffectiveValue,same as stage 1/2/3/4,"test_m6_c1_golden_path_connectivity.py::test_human_answers_unblock_generation_and_are_persisted_as_lifecycle_facts (real QuestionQueueStore.answer_question() call, never a direct EffectiveValue edit)",an unanswered question keeps blocking on every subsequent call (test_only_one_field_answered_still_blocks_on_the_other),REQUIRED,"n/a (a mechanical gate, not an authority decision)",YES,YES,YES,YES,YES,YES,YES,test_m6_c1_golden_path_connectivity.py
6,EffectiveValue,resolve_field()'s own resolution result once sufficient evidence exists,"a DECLARED/AUTO_DISCOVERED candidate, or a real human answer",HUMAN_EXPLICIT (declared/answered) or AUTO_DISCOVERED (lifecycle.json),"Candidate -> EffectiveValue, persisted back via lc.update_facts()",a real lifecycle.json fact (protocols/role/verification_level/level_source),Dispatch,same as stage 1-5,test_m6_c1_golden_path_connectivity.py::test_human_answers_unblock_generation_and_are_persisted_as_lifecycle_facts (asserts the real persisted fact); test_m5m6_vlevel_001_production_connectivity.py (asserts verification_level/level_source),"an invalid verification_level candidate is reported INVALID, never silently guessed (environment_mode_router's INVALID_VERIFICATION_LEVEL path)","n/a (this stage is the OUTPUT of HITL, not itself HITL)",n/a,YES,YES,YES,YES,N/A,YES,YES,test_m6_c1_golden_path_connectivity.py;test_m5m6_vlevel_001_production_connectivity.py
7,Dispatch,engine.py start_lifecycle()'s own generation branch,3 resolved EffectiveValues (protocol/role/verification_level),"derived from stage 6, never re-declared",the if-generation_request-is-not-None block -> _effective() closure -> request assembly,a fully-assembled create_environment() request dict,Task Boundary,same as stage 1-6,"test_generation_dispatch_calls_create_environment_directly_never_recurses (exactly 1 real call, no lifecycle recursion)",any of the 3 fields unresolved blocks with a distinct blocked_by reason (generation_protocol_unresolved/generation_role_unresolved/generation_verification_level_unresolved),n/a,n/a,YES,YES,YES,YES,N/A,YES,YES,test_m6_c1_golden_path_connectivity.py
8,Task Boundary,cli.py --task-boundary-* / dashboard.py task_boundary JSON,"a real TaskBoundary(task_id, allowed_path_prefixes, forbidden_paths, require_new_file)","HUMAN_EXPLICIT (caller-declared, CAP-ATL-004's own never-inferred design) or None (no boundary declared)","task_boundary_conformance.check_working_tree_conformance(), exempt_path_prefixes=(.dv-harness,)",BOUNDARY_HELD / BOUNDARY_VIOLATION / NO_GIT_EVIDENCE / NO_CHANGES_TO_CHECK,VerificationLevel routing (the generation dispatch continues only on non-VIOLATION),CLI start --task-boundary-*; dashboard POST /api/start task_boundary field,test_m6_task_boundary_production_001.py (22 tests: PASS/FAIL for CLI/dashboard/Protocol-Builder-shape/all 3 levels; exempt_path_prefixes fix),"a real VIOLATION blocks with blocked_by=task_boundary; VerificationLevel/create_environment() never reached (h.adapter.calls==0, no out_dir written)","NOT_APPLICABLE -- a structural git-evidence check by design (module docstring: caller-declared, never derived; no QuestionOwner/HumanGate)",N/A,YES,YES,YES,YES,NOT_APPLICABLE,YES,YES,test_m6_task_boundary_production_001.py;test_task_boundary_conformance.py;test_start_lifecycle_dispatch.py
9,VerificationLevel,engine.py start_lifecycle()'s generation dispatch (post Task-Boundary),the resolved verification_level EffectiveValue (IP/SUBSYSTEM/SYSTEM_LEVEL),"derived from stage 6, never re-declared",environment_mode_router.resolve_environment_mode()'s _resolve_with_level() branch,"environment_mode in IP_MODE/SUBSYSTEM_MODE/SYSTEM_LEVEL_MODE, or an unresolved reason",IP/SUBSYSTEM/SYSTEM_LEVEL generation branch,same as stage 1-8,"test_verification_level.py (22), test_environment_mode_router.py (16), test_m5m6_vlevel_001_production_connectivity.py (6)","SYSTEM_LEVEL with fewer than 2 requested subsystems refuses (SYSTEM_LEVEL_NEEDS_TWO_OR_MORE_SUBSYSTEMS); an invalid spelling refuses (INVALID_VERIFICATION_LEVEL), never guessed","NOT_APPLICABLE -- the level's own human-decision point lives at stage 2/3/4/5 (Field Resolution/Clarification/QuestionOwner/HumanGate); stage 9 only ROUTES an already-resolved value, mechanically","n/a (routing is mechanical, not an authority decision)",YES,YES,YES,YES,NOT_APPLICABLE,YES,YES,test_verification_level.py;test_environment_mode_router.py;test_m5m6_vlevel_001_production_connectivity.py
10,IP/SUBSYSTEM/SYSTEM_LEVEL,environment_mode_router's own decision (stage 9),the resolved environment_mode + the generation manifest,"derived, never re-declared",uvm_generator.create_environment.create_environment() -> ProtocolEnvGenerator (IP/SUBSYSTEM) or compose_soc_environment() (SYSTEM_LEVEL),"real generated files on disk (environment_manifest.json, soc_tb_top.sv, ...)",the caller (CLI JSON envelope / dashboard / Protocol Builder skill),same as stage 1-9,"test_m5m6_vlevel_001_production_connectivity.py (IP+SUBSYSTEM+SYSTEM_LEVEL, real files asserted); test_m6_task_boundary_production_001.py (all 3 levels re-proven with Task Boundary); test_system_level_soc_composition_wiring.py","all 10 real create_environment()-family exception classes caught, normalized to AgentResult(ok=False) (re-verified fresh this task, GAP-V2-001 fix intact, no drift)",n/a,n/a,YES,YES,YES,YES,N/A,YES,YES,test_m5m6_vlevel_001_production_connectivity.py;test_m6_task_boundary_production_001.py;test_system_level_soc_composition_wiring.py
