CAPABILITY_ID,RESOLVER_PRODUCER,CALLABLE_IMPL,PRODUCTION_CALLER,CONSUMER,OBSERVABLE_EVIDENCE,STRICT_CLASSIFICATION
CAP-M4.5-002,governance_registry.py:50/:62,Real,NONE -- only claude_reference_graph.py:135 (test-only caller itself); SessionStart hook context-resident-pack.ps1 never references it,NONE,NONE,FOUNDATION_ONLY
CAP-M4.5-003,constitution_gate.py:55 check_constitution_intact(),Real+tested,NONE -- no cli.py/engine.py/.github hit; only test file + 10+ manual python -c snippets pasted into .work/*.md reports,NONE,NONE (only ad hoc report text),PARTIALLY_WIRED
CAP-M4.5-011,ABSENT,ABSENT,N/A module absent,NONE,NONE,ABSENT
CAP-POOL-002,ABSENT,ABSENT,N/A module absent,NONE,NONE,ABSENT
CAP-POOL-010,ABSENT,ABSENT,N/A module absent (a same-named module exists only in the separate DV_Agent_Harness_L5 repo -- confirmed genuinely absent in L5_DGVA),NONE,NONE,ABSENT
CAP-M8-EXPLOOP-001,ABSENT for the EXPERIENCE_READY event itself -- no engine.py stage ever constructs/emits it,promotion_chain_audit_gate.py real script; validates a caller-supplied --audit JSON,gates.py:413 -- REAL: script itself is production-invoked under PROMOTION_READINESS,gates.py's stage-gate runner consumes exit code/JSON,NONE for EXPERIENCE_READY specifically -- route_and_store() IS called at 14 real engine.py sites but for other memory kinds, never feeding this stage-chain,PARTIALLY_WIRED (gate script wired; required event's producer confirmed absent)
CAP-M8-EXPLOOP-002,ABSENT,ABSENT,N/A modules absent,NONE,NONE,ABSENT
CAP-M8-MAKC-001,ABSENT,ABSENT,N/A module absent -- zero code/test artifacts anywhere; multi_agent.py has zero memory references,NONE,NONE,ABSENT (sharper than CSV's prior UNKNOWN label)
CAP-M4.6-002,"router.py resolve_research_intent()/research_route_plan() (Research Front Door, unchanged); governance_registry.resolve_governance_intent() (M8 Cohort 3, new -- the general TASK_SCOPED-population resolver)",Real (both),"cli.py real `dv-harness research` command (cli.py:8/~761-782/4689); cli.py real `dv-harness governance-lookup` command (M8 Cohort 3, new)",research-ingestion -> research-architect -> Human Approval Gate (research); the calling agent/session reads the resolved summary_path/full_spec_path (governance-lookup) -- no automated downstream consumer proven this cohort,"Research Front Door: test evidence only (test_research_intent_routing.py 87/87) -- zero persisted .dv-harness/*research* production-run artifact found. Governance-lookup (M8 Cohort 3): 24/24 new tests, including 13/13 real TASK_SCOPED registry entries behaviorally proven via plausible sentence-length phrasing (not trigger-keyword echo) plus 2 real CLI-subprocess production-call-path tests -- same honest bar as Research Front Door: PRODUCTION_CALL_PATH_PROVEN, not LIVE_QUALIFIED (no persisted real-session artifact of an agent actually using it on a real task yet)",PRODUCTION_REACHABLE (M8 Cohort 3 reconciled the ~301-307 historical figure to today's real, live 13-entry TASK_SCOPED population -- see M8_COHORT_3_FINAL_REPORT.md section on denominator reconciliation -- and closed behavioral discoverability for all 13/13 of it; CONSUMED/VERIFIED-beyond-tests not claimed, matching Research Front Door's own honest disclosed bar)
CAP-CE-008,"No unified resolver -- 3 real narrower modules: memory_lineage.py, cross_project_mining.py, memory_quality_policy.py",All 3 real,"memory_lineage: engine.py:3564/3601 (fires on real ORGANIZATIONAL_MEMORY promotion); cross_project_mining: cli.py:6012; memory_quality_policy: cli.py:7399+dashboard.py:9664",memory_lineage: self.store.event() consumer; others: CLI operator/dashboard,"memory_lineage: real persisted MEMORY_LINEAGE_TRACED event (engine.py:3603-3609) on every real promotion -- genuine evidence. Other 2: no confirmed persisted run",PARTIALLY_WIRED (memory_lineage strongest; no single unified capability exists)
CAP-CE-010,ABSENT,ABSENT,N/A module absent,NONE,NONE,ABSENT
CAP-CE-011,ABSENT,ABSENT,N/A module absent,NONE,NONE,ABSENT
CAP-CE-012,capability_evolution.py:1585 repeated_unresolved_failure_patterns(),"Real, widely reused (9 other modules)","cli.py real subcommands: verification_strategy (6298), prior-decision-reevaluation (7496), self-learning-readiness (7719)",CLI operator consumes JSON/status output,No persisted .dv-harness/*repeated_failure* artifact found in this snapshot; function itself real+CLI-reachable,PARTIALLY_WIRED (repeated-failure detection only, genuinely CLI-wired, not a full RCA-to-fix record)
CAP-CE-014,ABSENT,ABSENT,N/A module absent -- zero experience/consolidat hits in signoff_export.py/qualified_conclusion.py,NONE,NONE,ABSENT
CAP-CE-018,Depends on CAP-M8-EXPLOOP-001's confirmed-absent producer + 3 confirmed-absent CE-010/011/014 stages,No unified composite implementation found,NONE for the composite as such -- real sub-pieces separately wired as above,N/A,NONE for the composite,PARTIALLY_WIRED/ABSENT (cannot be WIRED while its required event producer is absent and 3 of 9 named stages are fully absent)
CAP-HITL-008,ABSENT in code -- design doc only (M4_5_DE_DV_ROLE_BASED_HITL/ROLE_AWARE_EXPERIENCE_REQUIREMENTS.md),ABSENT -- zero .py files under that directory,N/A module absent,NONE,NONE,FOUNDATION_ONLY
CAP-HITL-009,"Design doc only -- DE_DV_ROLE_BASED_HITL_ARCHITECTURE.md defines DESIGN|VERIFICATION|SHARED taxonomy",ABSENT -- zero code,N/A module absent,NONE,NONE,FOUNDATION_ONLY
