BEHAVIOR,PARENT,CANONICAL(pre),CANONICAL(post, this Cohort),TRUSTED_WITHOUT_VERIFICATION,VERIFICATION_METHOD,VERIFICATION_RESULT
task_boundary_conformance.py module itself,"PRESENT, 330 lines",ABSENT,"PRESENT, migrated + docstring point 3 corrected (stale wiring claim removed)",NO,"Full read of Parent's 330-line file; diff-checked dependency (_git/resolve_sha) against canonical's own change_impact.py","CONFIRMED SAFE -- dependencies byte-identical in the shared prefix"
task_boundary_conformance.py CLI wiring,"PRESENT (cli.py task-boundary-conformance verb, real, wired)",ABSENT,"ABSENT (deliberate, not a gap) -- registered as CAP-M6-DISPATCH-001 dependency",NO,"grep dv_harness/cli.py in Parent, scoped; read the exact dispatch block lines 4284-4295",CONFIRMED REAL in Parent; deliberately not replicated in canonical this Cohort
task_boundary_conformance.py real test coverage,"PRESENT, 19 tests, 705c469b",ABSENT,"PRESENT, 19 tests ported verbatim, independently re-run","NO -- ran BOTH in Parent's own tree AND in canonical after migration","pytest in Parent's own tree (19/19); pytest in canonical after migration (19/19)","CONFIRMED IDENTICAL -- same 19 test names, same pass count, both trees"
intake_field_resolution.py 8-attribute OpenSpec contract,"PRESENT, imported from irq_openspec_preflight_gate.OPENSPEC_FIELD_ATTRIBUTES (Parent-only, 905 lines)",ABSENT,"PRESENT, constant re-defined LOCALLY in the canonical module (identical 8-tuple value, verified against Parent's real constant)",NO,"grep 'OPENSPEC_FIELD_ATTRIBUTES' in Parent's irq_openspec_preflight_gate.py, read the exact tuple value","CONFIRMED IDENTICAL VALUE -- (declared_value, auto_discovered_value, derived_value, effective_value, confidence, validation_state, confirmation_state, evidence_refs)"
intake_field_resolution.py resolution algorithm (_decide, no source-kind precedence),"PRESENT, 24 tests, owner-approved 2026-09-21",ABSENT,"PRESENT, ported verbatim (zero logic changes)",NO,"Full read of the algorithm; 24 Parent tests re-run in Parent's tree (24/24); 25 tests re-run in canonical (25/25, includes 1 new canonical-specific test)","CONFIRMED IDENTICAL BEHAVIOR -- same pass/fail pattern for every ported test"
intake_field_resolution.py CLOSED_TECHNICAL_GAPS[""STRUCTURED_CLARIFICATION_CONTEXT_NOT_PERSISTED""],"PRESENT, marked CLOSED (closed_by intake_clarification.py/intake_resume.py, both Parent-only)",N/A (module absent),"RE-CLASSIFIED to KNOWN_TECHNICAL_GAPS (OPEN) in canonical -- the closing files do not exist in canonical",NO,"Confirmed via find/grep that intake_clarification.py and intake_resume.py do not exist anywhere in canonical","CONFIRMED: Parent's closure claim does not hold for canonical; correctly re-opened, not silently carried over as closed"
intake_field_resolution.py's 9 real Parent-side sibling-pipeline callers,"PRESENT (intake_contract.py, intake_discovery.py, intake_interfaces.py, intake_loader.py, intake_package.py, intake_resume.py, intake_schema.py, intake_validation.py, intake_workbook.py)",N/A,"NOT MIGRATED -- explicitly out of Cohort 4 scope (""do not expand into unrelated Parent governance modules"")",NO,"Scoped grep -rln intake_field_resolution across Parent's dv_harness/",CONFIRMED REAL but deliberately not pulled into canonical
intake_field_resolution.py dependency: source_authority.authority_rank/SourceClaim/resolve_conflict,PRESENT (Parent's own dv_harness/source_authority.py),"PRESENT (canonical's own dv_harness/source_authority.py, pre-existing, unrelated to this Cohort)","REUSED, not modified",NO,"Direct read of canonical's source_authority.py: authority_rank()/SourceClaim(source,claim,evidence_path,qualifier,detail)/resolve_conflict() -> dict with verdict/winner.to_dict()['claim']","CONFIRMED COMPATIBLE -- exact signature/shape match with what _try_authority() calls"
intake_field_resolution.py dependency: question_queue.make_question_id/QuestionQueueStore,PRESENT (Parent's own dv_harness/question_queue.py),"PRESENT (canonical's own dv_harness/question_queue.py, pre-existing, unrelated to this Cohort)","REUSED, not modified",NO,"Direct read of canonical's question_queue.py: make_question_id(domain,question_key), QuestionQueueStore.add_question(...)/.get_question(...) signatures","CONFIRMED COMPATIBLE -- exact signature match with what file_clarification() calls"
canonical intake_state.IntakeFieldRecord/IntakeFieldStatus (existing parallel system),N/A (Parent has no such module -- this is canonical's OWN, different, pre-existing system),"PRESENT (single flat record, one combined status enum)","UNCHANGED -- not touched, not reconciled with the new module this Cohort",NO,"Direct read of dv_harness/intake_state.py lines 121-212",CONFIRMED UNCHANGED; reconciliation explicitly deferred to M6
