SYMBOL,CANONICAL,PARENT,B8,SEMANTIC_RELATION,NOTES
EmptySubsystemRegistryError,YES,YES,YES,IDENTICAL,no diff hunk touches this class in either source
MissingSubsystemNameEvidenceError,YES,YES,YES,IDENTICAL,no diff hunk touches this class in either source
CrossSubsystemIntegrationBlockedError,YES,YES,YES,IDENTICAL,no diff hunk touches this class in either source
soc_composition_out_dir,YES,YES,YES,IDENTICAL,no diff hunk
_cite,YES,YES,YES,IDENTICAL,no diff hunk
_resolve_subsystem_manifest,YES,YES,YES,IDENTICAL,no diff hunk
_collect_clocks_resets,YES,YES,YES,IDENTICAL,no diff hunk
_build_virtual_sequencer_fields,YES,YES (docstring path fix only -- not a semantic change),"YES, extended with a real evidence-annotation call to a new _subsystem_composition_mode() helper",B8_SUPERSET,"B8 adds an opt-in evidence string annotation (DIRECT_HANDLE confirmed-clean / ADAPTER_REQUIRED warning) when manifest['subsystem_vip_binds'] supplies real VipBindIR evidence; absent that key, output is byte-identical to before (verified by B8's own regression test + this wave's re-run). Generated field class_type/field_name never changes -- no adapter class synthesized."
_subsystem_composition_mode,NO,NO,YES (new),B8_SUPERSET (new symbol),"B8-only addition. Lazily imports system_virtual_sequencer.build_subsystem_composition() -- that module already byte-identical between canonical and B8, confirmed by diff -q. Returns None when no subsystem_vip_binds evidence supplied for that subsystem -- never guesses."
_soc_tb_top,YES,"YES (docstring extended; body unchanged in Parent's own diff -- the top-TB-preservation logic lives in compose_soc_environment() itself, not inside _soc_tb_top())",YES (unchanged),IDENTICAL body across all 3; Parent's docstring-only extension,"_soc_tb_top() itself is not modified by either source -- Parent's feature calls it conditionally FROM compose_soc_environment(), never changes its own body"
cross_subsystem_scenarios,YES,YES,YES,IDENTICAL,no diff hunk -- still a deliberate NotImplementedError stub in all 3 sources
end_to_end_scoreboard,YES,YES,YES,IDENTICAL,no diff hunk -- still a deliberate NotImplementedError stub in all 3 sources
system_coverage,YES,YES,YES,IDENTICAL,no diff hunk -- still a deliberate NotImplementedError stub in all 3 sources
cross_subsystem_findings,YES,YES,YES,IDENTICAL,no diff hunk
compose_soc_environment,YES,"YES, SEMANTIC_CONFLICT/SOURCE-DEPENDENT: adds keyword-only existing_top_tb_declared_path/force_fresh_top_tb params + a real top-TB-discovery-and-preserve default behavior that activates whenever root is not None (i.e. on every real production call, both known call sites)",YES (unchanged signature; body unchanged except the _build_virtual_sequencer_fields() call it already made, which now carries the extra evidence automatically),SEMANTIC_CONFLICT (Parent) / IDENTICAL (B8),"Parent's feature depends on dv_harness/reference_uvm_dut_top_integration_manifest.py, CONFIRMED ABSENT from canonical (ls: No such file or directory) -- a third, previously-unregistered Parent-only module, not one of the two already-registered M5 migration inputs. Classified SOURCE_DEFECT is the wrong label (Parent's own feature is real and dated as a genuine 2026-09-20 human design decision) -- correctly DEFER_TO_COHORT_4-or-later (a new migration-input registration, not a merge this wave)."
_VERIFICATION_ARCHITECTURE_INPUT_KEYS / VerificationArchitectureConflictError / etc.,N/A,N/A,N/A,N/A,Not part of soc_environment_composer.py -- these are CAP-M5-ARCH-001's own symbols in a different file; listed here only to confirm no accidental scope bleed between the two capabilities
