COMMAND_ID,PROTOCOL,COMMAND,PARAMETERS,SOURCE,USER_SCOPE,HANDLER,VIP_SEQUENCE,STATUS,CONFIDENCE
CMD-001,USB2,extreg_rw,none (fixed REG_usbextreg_TSET(8'hff,8'h0) sweep),D:/DV/Task/USB/patterns/extreg_rw.txt,DE_DV,GMODEL.GLOBAL_INIT + REG_usbextreg_TSET task,,DE_ORIGINAL_UNCONVERTED,HIGH
CMD-002,USB2,bulkin,fixed HS bulk-in bring-up + transfer (no runtime args in file),D:/DV/Task/USB/patterns/USB2_bulkin.txt,DE_DV,CPUWRITE/HOSTWRITE BFM tasks + SMEMMODEL.FILLMEM,usb_device_enumeration_vseq (partial overlap only: shares SET_ADDRESS/enum bring-up region with round-10 usb_env_manifest_v11 virtual_sequences entry -- NOT yet a full conversion),DE_ORIGINAL_UNCONVERTED,HIGH
CMD-003,USB2,bulkout,fixed HS bulk-out bring-up + transfer,D:/DV/Task/USB/patterns/USB2_bulkout.txt,DE_DV,CPUWRITE/HOSTWRITE BFM tasks + SMEMMODEL.FILLMEM,,DE_ORIGINAL_UNCONVERTED,HIGH
CMD-004,USB2,con,device connect/enumeration bring-up only (no transfer),D:/DV/Task/USB/patterns/USB2_con.txt,DE_DV,CPUWRITE/HOSTWRITE BFM tasks,usb_device_enumeration_vseq (closest existing overlap -- round-10 output models the same standard enumeration handshake independently from VIP/spec evidence, not from this file),DE_ORIGINAL_UNCONVERTED,MEDIUM
CMD-005,USB2,interruptin,HS interrupt-in (adapted from USB2_bulkin.txt per its own header),D:/DV/Task/USB/patterns/USB2_interruptin.txt,DE_DV,CPUWRITE/HOSTWRITE BFM tasks,,DE_ORIGINAL_UNCONVERTED,HIGH
CMD-006,USB2,interruptin_ep1,HS interrupt-in on EP1 (adapted from USB2_interruptin.txt),D:/DV/Task/USB/patterns/USB2_interruptin_ep1.txt,DE_DV,CPUWRITE/HOSTWRITE BFM tasks,,DE_ORIGINAL_UNCONVERTED,HIGH
CMD-007,USB2,interruptin_intervel3,HS interrupt-in bInterval=3 variant (adapted from USB2_bulkin.txt),D:/DV/Task/USB/patterns/USB2_interruptin_intervel3.txt,DE_DV,CPUWRITE/HOSTWRITE BFM tasks,,DE_ORIGINAL_UNCONVERTED,HIGH
CMD-008,USB2,interruptout,HS interrupt-out (adapted from USB2_bulkout.txt),D:/DV/Task/USB/patterns/USB2_interruptout.txt,DE_DV,CPUWRITE/HOSTWRITE BFM tasks,,DE_ORIGINAL_UNCONVERTED,HIGH
CMD-009,USB2,isochin,HS isochronous-in,D:/DV/Task/USB/patterns/USB2_isochin.txt,DE_DV,CPUWRITE/HOSTWRITE BFM tasks,,DE_ORIGINAL_UNCONVERTED,HIGH
CMD-010,USB2,isochin_intervel3,HS isochronous-in bInterval=3 variant,D:/DV/Task/USB/patterns/USB2_isochin_intervel3.txt,DE_DV,CPUWRITE/HOSTWRITE BFM tasks,,DE_ORIGINAL_UNCONVERTED,HIGH
CMD-011,USB2,isochin_xfernotready,HS isochronous-in transfer-not-ready case (adapted from USB2_isochin.txt),D:/DV/Task/USB/patterns/USB2_isochin_xfernotready.txt,DE_DV,CPUWRITE/HOSTWRITE BFM tasks,,DE_ORIGINAL_UNCONVERTED,HIGH
CMD-012,USB2,isochout,HS isochronous-out (adapted from USB2_bulkout.txt),D:/DV/Task/USB/patterns/USB2_isochout.txt,DE_DV,CPUWRITE/HOSTWRITE BFM tasks,,DE_ORIGINAL_UNCONVERTED,HIGH
CMD-013,USB2,susres,USB2 host suspend/resume,D:/DV/Task/USB/patterns/USB2_susres.txt,DE_DV,CPUWRITE/HOSTWRITE BFM tasks,,DE_ORIGINAL_UNCONVERTED,HIGH
CMD-014,USB3,susres,USB3 host suspend/resume (file header says USB2 but filename/content targets USB3 -- flagged, not silently corrected),D:/DV/Task/USB/patterns/USB3_susres.txt,DE_DV,CPUWRITE/HOSTWRITE BFM tasks,,DE_ORIGINAL_UNCONVERTED,MEDIUM
CMD-015,USB3.1_SSP,con,SuperSpeed(+) device connect/enumeration bring-up only,D:/DV/Task/USB/patterns/USB31_SScon.txt,DE_DV,CPUWRITE/HOSTWRITE BFM tasks,,DE_ORIGINAL_UNCONVERTED,HIGH
CMD-016,USB3.1_SSP,bulkin,SuperSpeed(+) bulk-in bring-up + transfer,D:/DV/Task/USB/patterns/USB31_SSPbulkin.txt,DE_DV,CPUWRITE/HOSTWRITE BFM tasks + SMEMMODEL.FILLMEM,,DE_ORIGINAL_UNCONVERTED,HIGH
CMD-017,USB3.1_SSP,bulkout,SuperSpeed(+) bulk-out bring-up + transfer,D:/DV/Task/USB/patterns/USB31_SSPbulkout.txt,DE_DV,CPUWRITE/HOSTWRITE BFM tasks + SMEMMODEL.FILLMEM,,DE_ORIGINAL_UNCONVERTED,HIGH
CMD-018,USB3.1_SSP,bulkout_explain,SuperSpeed(+) bulk-out, same as USB31_SSPbulkout.txt with extra inline explanatory comments (DE-authored teaching copy -- not a distinct test scenario),D:/DV/Task/USB/patterns/USB31_SSPbulkout_explain.txt,DE_DV,CPUWRITE/HOSTWRITE BFM tasks + SMEMMODEL.FILLMEM,,DE_ORIGINAL_UNCONVERTED,MEDIUM
CMD-019,USB3.1_SSP,con (variant),SuperSpeed(+) connect -- second file with same PROTOCOL/COMMAND as CMD-015; real content diff not yet compared,D:/DV/Task/USB/patterns/USB31_SSPcon.txt,DE_DV,CPUWRITE/HOSTWRITE BFM tasks,,DE_ORIGINAL_UNCONVERTED,LOW
CMD-020,USB3.1_SSP,interruptin,SuperSpeed(+) interrupt-in (adapted from USB31_SSPbulkin.txt),D:/DV/Task/USB/patterns/USB31_SSPinterruptin.txt,DE_DV,CPUWRITE/HOSTWRITE BFM tasks,,DE_ORIGINAL_UNCONVERTED,HIGH
CMD-021,USB3.1_SSP,interruptout,SuperSpeed(+) interrupt-out (adapted from USB31_SSPbulkout.txt),D:/DV/Task/USB/patterns/USB31_SSPinterruptout.txt,DE_DV,CPUWRITE/HOSTWRITE BFM tasks,,DE_ORIGINAL_UNCONVERTED,HIGH
CMD-022,USB3.1_SSP,isochin,SuperSpeed(+) isochronous-in (adapted from USB31_SSPbulkin.txt),D:/DV/Task/USB/patterns/USB31_SSPisochin.txt,DE_DV,CPUWRITE/HOSTWRITE BFM tasks,,DE_ORIGINAL_UNCONVERTED,HIGH
CMD-023,USB3.1_SSP,isochin_xfernotready,SuperSpeed(+) isochronous-in transfer-not-ready case (adapted from USB31_SSPisochin.txt),D:/DV/Task/USB/patterns/USB31_SSPisochin_xfernotready.txt,DE_DV,CPUWRITE/HOSTWRITE BFM tasks,,DE_ORIGINAL_UNCONVERTED,HIGH
CMD-024,USB3.1_SSP,isochout,SuperSpeed(+) isochronous-out (adapted from USB31_SSPbulkout.txt),D:/DV/Task/USB/patterns/USB31_SSPisochout.txt,DE_DV,CPUWRITE/HOSTWRITE BFM tasks,,DE_ORIGINAL_UNCONVERTED,HIGH
