CAPABILITY_ID,ORIGINAL_OWNER,ORIGINAL_REASON,CURRENT_STATE,REMAINING_WORK_TYPE,DEPENDENCIES,DECISION,FINAL_OWNER,EVIDENCE_REFS,M5_CLOSURE_IMPACT,M6_SCOPE_IMPACT
CAP-ATL-001,M5 (commit b173722),"AGENT_TASK_LIFECYCLE_ANALYSIS.md's own ""Recommended M5 Action"" column, written before M5 Cohort scope crystallized","DEFINED, not built",ORCHESTRATION,"AgentTaskStore, make_question_id(), agent_checkpoint_check.py -- all real/present in canonical",MOVE_TO_M6,M6,"M5_9_OWNERSHIP_RECONCILIATION.md Section 2; AGENT_TASK_LIFECYCLE_ANALYSIS.md","Removed from M5-owned count (was already reassigned M6 in Cohort 5, unchanged this pass)","Added as M6_NONBLOCKING_WORK dependency on CAP-M6-DISPATCH-001"
CAP-ATL-002,M5 (commit b173722),Same as ATL-001,"DEFINED, not joined",WIRING,"make_question_id(), agent_checkpoint_check.py, AgentTaskStore -- all real/present",MOVE_TO_M6,M6,M5_9_OWNERSHIP_RECONCILIATION.md Section 2,Unchanged (already M6 from Cohort 5),M6_NONBLOCKING_WORK dependency on CAP-M6-DISPATCH-001
CAP-ATL-003,M5 (commit b173722),Same as ATL-001,"DEFINED, not added",WIRING (trigger-conditioned),models.Status -- real/present,MOVE_TO_M6,M6,M5_9_OWNERSHIP_RECONCILIATION.md Section 2,Unchanged (already M6 from Cohort 5),M6_NONBLOCKING_WORK dependency on CAP-M6-DISPATCH-001
CAP-ATL-008,M5 (commit b173722; own text literally says 'deferred to M5'),"Predates M5 Cohort-scope crystallization around N-way code merge only","DEFINED, taxonomy not authored",SCHEMA_CONTRACT (trigger-conditioned),task_return_model.py -- real/present,MOVE_TO_M6,M6,M5_9_OWNERSHIP_RECONCILIATION.md Section 2,Unchanged (already M6 from Cohort 5),M6_NONBLOCKING_WORK dependency on CAP-M6-DISPATCH-001
CAP-POOL-001,"M4 (M3 audit) -> M5 (commit b8a573f)","M4_FINAL_REPORT's own FOUNDATION_ITEMS_REVIEWED=18 confirms M4 never reviewed it","ABSENT from canonical; real+tested in Parent (276 lines)",MIGRATION,eight_engine_runtime_proof_matrix.py -- ABSENT from canonical (itself real/tested in Parent),KEEP_M5,M5,M5_9_OWNERSHIP_RECONCILIATION.md Section 2 (POOL-001),"REVERTED from Cohort 5's M6 move; remains a genuine OPEN M5 capability, blocked on a real missing dependency","No M6 scope impact -- reverted, never added to M6"
CAP-POOL-003,"M4/M5 split (M3) -> fully M5 (commit b8a573f)","M4 half of the split was never reviewed",ABSENT from canonical; real+tested in Parent (236 lines),MIGRATION,"blackboard.py (present) + l5dgva_directive_registry.py (ABSENT) + l5dgva_workitem_projection.py (ABSENT)",KEEP_M5,M5,M5_9_OWNERSHIP_RECONCILIATION.md Section 2 (POOL-003),"REVERTED from Cohort 5's M6 move; remains a genuine OPEN M5 capability, blocked on 2 real missing dependencies",No M6 scope impact -- reverted
CAP-POOL-004,"M4 (M3 audit) -> M5 (commit b8a573f)",Same pattern as POOL-001,"ABSENT from canonical; real in Parent (248 lines), dormant even there (0 real callers)",MIGRATION,l5dgva_gap_queue.py -- ABSENT from canonical (self-contained otherwise),KEEP_M5,M5,M5_9_OWNERSHIP_RECONCILIATION.md Section 2 (POOL-004),"REVERTED from Cohort 5's M6 move; remains OPEN, low-priority given its own dormant status in Parent",No M6 scope impact -- reverted
CAP-POOL-008,M5 unchanged since M3 (commit b8a573f),Never reassigned; always M5,ABSENT from canonical; real+tested in Parent (295 lines),MIGRATION (unblocked),gates.py -- PRESENT in canonical,KEEP_M5,M5,M5_9_OWNERSHIP_RECONCILIATION.md Section 2 (POOL-008),"REVERTED from Cohort 5's M6 move; genuinely ready migration candidate for a future dedicated M5 task",No M6 scope impact -- reverted
CAP-POOL-011,M5 (commit b8a573f),Distinguished explicitly from the already-resolved loop_telemetry.py foundation question,ABSENT from canonical; real+tested in Parent (254 lines),MIGRATION,"loop_telemetry.py (present) + eight_engine_runtime_proof_matrix.py (ABSENT, shared with POOL-001)",KEEP_M5,M5,M5_9_OWNERSHIP_RECONCILIATION.md Section 2 (POOL-011),"REVERTED from Cohort 5's M6 move; remains OPEN, shares its blocker with POOL-001 (sequencing note for a future task)",No M6 scope impact -- reverted
CAP-POOL-012,"Unassigned in M3 -> M5 (commit b8a573f, ""nearest-fitting N-way-merge wave"")",Provisional assignment,"Not tracked in Parent/v50/B7B/B8; exists only as an UNTRACKED file in B7A's own worktree (347 lines, no test file found)",MIGRATION (unblocked),"design_architecture_ir.py (present) + verible_parser.py (present)",KEEP_M5,M5,M5_9_OWNERSHIP_RECONCILIATION.md Section 2 (POOL-012),"REVERTED from Cohort 5's M6 move; genuinely ready migration candidate, disclosed provenance caveat (uncommitted source)",No M6 scope impact -- reverted
