target_file,contributing_sources,canonical_schema,canonical_contract,canonical_data_model,canonical_registry,canonical_events,canonical_blackboard_keys,canonical_config_model,required_helpers,required_test_fixtures,unresolved_prerequisites,m4_action_taken
dv_harness/register_excel_extract.py,"PARENT_HEAD, V50_HEAD, B7A(DUT-10)","RESOLVED (enum_values field + JSON schema property, this wave)",PARTIAL (schema ready; Excel-driven enum-value parsing logic itself is real M5 behavior work),RESOLVED (RegisterFieldIR now carries the field DUT-10 needs),N/A,N/A,N/A,N/A (repository-relative; no config dependency),N/A,dv_harness_tests/test_register_excel_extract.py extended this wave,0,Added enum_values field + schema property + bridge pass-through (CAP-M4-001)
dv_harness/env_manifest.py,"PARENT_HEAD, V50_HEAD, B7B(VIP-01/VIP-02)",UNRESOLVED -- not investigated this wave (high-fan-in: 44 per 09_TRANSITIVE_DEPENDENCY_CLOSURE.md; symbol-level diff not performed in the M4 time budget),UNRESOLVED,UNRESOLVED,N/A,N/A,N/A,N/A,N/A,dv_harness_tests/test_env_manifest.py (121-test regression group re-run clean this wave for the schema change only),1,None this wave -- disclosed gap
dv_harness/vip_capability_extraction.py,"PARENT_HEAD, V50_HEAD, B7B(VIP-04/05/18)",UNRESOLVED,UNRESOLVED -- KNOWN RISK: a breaking 4-to-5-tuple signature change in classify_by_inheritance() was already flagged in M0.5 (every caller must be found before this merge),UNRESOLVED,N/A,N/A,N/A,N/A,N/A,N/A,2,"None this wave -- disclosed gap, real known risk carried forward unresolved (not silently dropped)"
dv_harness/uvm_generator/create_environment.py,"PARENT_HEAD, V50_HEAD(+KNOWN_SOURCE_B_DEFECT), B8(ARCH-01)","RESOLVED (M1_KNOWN_SOURCE_B_DEFECT_DISPOSITION.md -- defect re-confirmed present, currently latent)","PARTIAL (defect contract known: in (SUBSYSTEM_MODE, IP_MODE) grouping + echo the real resolved value; ARCH-01's own contract not investigated this wave)",UNRESOLVED,N/A,N/A,N/A,N/A,N/A,regression-test obligation already recorded (M1),1,"None new this wave -- M1's prior disposition stands, re-confirmed unchanged"
dv_harness/uvm_generator/soc_environment_composer.py,"PARENT_HEAD, V50_HEAD, B8(ARCH-03)",UNRESOLVED,UNRESOLVED -- gating condition known and re-confirmed (system_virtual_sequencer.py already canonical via v50 bootstrap),UNRESOLVED,N/A,N/A,N/A,N/A,N/A,N/A,1,Confirmed the one known gating precondition (system_virtual_sequencer.py present) -- no further work
dv_harness/uvm_generator/amba_fabric_generator.py,"PARENT_HEAD, V50_HEAD, B8(ARCH-04/12)",UNRESOLVED,UNRESOLVED,UNRESOLVED,N/A,N/A,N/A,N/A,N/A,N/A,1,None this wave -- disclosed gap
dv_harness/memory_vault.py,"PARENT_HEAD (stricter Obsidian-CLI-probe safety), V50_HEAD",RESOLVED (M1_SECURITY_PRESERVATION_GATE.md -- exact code diff already captured),RESOLVED (contract: never probe bare 'obsidian' GUI name; validate probe output via _looks_like_a_real_version_string()),N/A,N/A,N/A,N/A,N/A,N/A,"dv_harness_tests/test_security_preservation_gate.py (1 tracked xfail, written to unexpectedly PASS once merged)",0,Already closed in M1 -- re-confirmed unchanged this wave
dv_harness/functional_coverage_signoff.py,"PARENT_HEAD, V50_HEAD",RESOLVED (contract known: distinguish ALL_DECLARED_CATEGORIES_ARE_CODE_COVERAGE from NO_DECLARED_COVERAGE_GOAL; v50 always returns the latter for both),PARTIAL (which return value is canonically correct for which real input condition requires a human/DV-domain judgment call -- explicitly not a foundation question M4 can resolve alone),N/A,N/A,N/A,N/A,N/A,N/A,N/A,1,Documented the exact contract question this wave; did not resolve the judgment call
dv_harness/design_source_inventory.py,"PARENT_HEAD, V50_HEAD",PARTIAL (contract question identified: rank value's source expression differs; authority_order_used key presence differs),UNRESOLVED,UNRESOLVED,N/A,N/A,N/A,N/A,N/A,N/A,1,Documented the exact contract question this wave; did not resolve it
dv_harness/loop_telemetry.py,"PARENT_HEAD, V50_HEAD",N/A,"RESOLVED -- re-verified against CURRENT canonical evidence this wave (not assumed stale): loop_stale_detection.py IS present in canonical AND loop_contract.py DOES import it (from . import loop_stale_detection as _lsd) -- confirming v50's factual claim (the section-97 stale-detection producer exists) is the current-evidence-correct one; Parent's copy's claim (would have nothing behind it) is stale and must be corrected when Parent's text is merged in",N/A,N/A,N/A,N/A,N/A,N/A,N/A,0,"Re-verified the underlying factual claim against live canonical code this wave -- a real M4 contribution, not just documentation"
