SYMBOL,KIND,CANONICAL,PARENT,V50,B7A,B7B,B8,CLASSIFICATION,NOTES
SCHEMA_VERSION,constant,YES,YES,YES,YES,YES,YES,IDENTICAL,"""1.0"" unchanged in all 6"
PROJECT_PROVEN;VIP_DOCUMENTED;VIP_EXAMPLE_MATCHED;INFERRED_FROM_NAMING;UNKNOWN;QUALIFICATION_LEVELS,constants,YES,YES,YES,YES,YES,YES,IDENTICAL,not touched by B7B's diff
IR_VIP_CONFIG;IR_VIP_TRANSACTION;IR_VIP_SCENARIO_PATTERN;IR_VIP_CHECKER_CAPABILITY;IR_VIP_COVERAGE_CAPABILITY;IR_TYPES;IR_AMBIGUOUS,constants,YES,YES,YES,YES,YES,YES,IDENTICAL,not touched by B7B's diff
DEFAULT_BASE_LIBRARY_PREFIXES,constant (reused from vip_api_card),YES,YES,YES,YES,YES,YES,IDENTICAL,not touched by B7B's diff
_NAME_SUFFIX_CATEGORY_GROUPS,private constant,YES,YES,YES,YES,"YES, EXTENDED",YES,BACKWARD_COMPATIBLE_EXTENSION,"B7B adds ""transfer"" to the IR_VIP_TRANSACTION suffix tuple -- real evidence cited (Synopsys USB SVT's real svt_usb_transfer class name, .work/intake-vip_examples-report.md). Purely additive to a tuple; does not remove or rename any existing suffix."
_INHERITANCE_MARKER_TO_CATEGORY,private constant,YES,YES,YES,YES,YES,YES,IDENTICAL,not touched by B7B's diff -- B7B adds a SEPARATE new table instead (see below)
_VENDOR_BASE_LIBRARY_MARKER_TO_CATEGORY,private constant (NEW),NO,NO,NO,NO,YES (new),NO,DORMANT_SOURCE_BEHAVIOR (B7B-only addition),"New table mapping known vendor intermediate base-class names (Synopsys SVT: svt_transaction/svt_sequence_item/svt_sequence/svt_virtual_sequence/svt_configuration/svt_config/svt_monitor/svt_scoreboard) to IR categories -- real cited evidence (.work/intake-vip_source-report.md, real Synopsys USB SVT class hierarchy)"
assert_naming_categories_disjoint,function,YES,YES,YES,YES,YES,YES,IDENTICAL (body unchanged; behavior extends automatically to cover the new ""transfer"" suffix since it walks _NAME_SUFFIX_CATEGORY_GROUPS),,
VipCapabilityExtractionError,class,YES,YES,YES,YES,YES,YES,IDENTICAL,not touched by B7B's diff
classify_by_name,function,YES,YES,YES,YES,YES,YES,IDENTICAL (body unchanged; return values automatically reflect the new ""transfer""->IR_VIP_TRANSACTION mapping via the shared table it reads),,
classify_by_inheritance,function,"YES (4-tuple return)","YES (4-tuple return)","YES (4-tuple return)","YES (4-tuple return)","YES, SIGNATURE CHANGED (5-tuple return)","YES (4-tuple return)",SIGNATURE_BREAK (of the function's own return arity) but ZERO real external impact -- see caller sweep,"Adds a 5th return value via_vendor_marker: bool. Confirmed by full-repo grep: classify_by_inheritance() has EXACTLY ONE caller anywhere in canonical -- extract_vip_capabilities() in this same file (updated in lockstep). Not called directly by vip_callback_hook_extraction.py (that module has its own separately-defined, differently-signatured classify_by_inheritance() that never calls this one -- confirmed false-alarm from an initial broad grep). Not called directly by any test file (test_vip_capability_extraction.py has zero direct calls -- confirmed by grep)."
_read_sources;_citation_evidence;_user_guide_evidence;parse_reference_md_headings,functions,YES,YES,YES,YES,YES,YES,IDENTICAL,not touched by B7B's diff (2 of these are reused externally by vip_callback_hook_extraction.py via the vce. alias -- unaffected since neither changed)
VIPCapabilityRecord,dataclass,"YES, 13 fields","YES, 13 fields","YES, 13 fields","YES, 13 fields","YES, 14 fields (EXTENDED)","YES, 13 fields",BACKWARD_COMPATIBLE_EXTENSION,"B7B adds inheritance_via_vendor_marker: bool = False as a 14th field, WITH a default value -- existing positional/keyword construction calls, existing attribute reads, and existing .to_dict() consumers that read specific keys (never all of them) are all unaffected. No JSON schema exists anywhere in canonical validating this record's shape (confirmed: no vip_capability*.schema.json file exists) -- unlike Cohort 2's ARCH-001 finding, there is no additionalProperties:false contract this new field could violate."
VIPCapabilityExtractionReport,dataclass,YES,YES,YES,YES,YES,YES,IDENTICAL,B7B's diff does not touch this dataclass's own field list
extract_vip_capabilities,function (THE real public entry point),"YES, calls classify_by_inheritance() with 4-tuple unpack","YES, same","YES, same","YES, same","YES, REWRITTEN to 5-tuple unpack + wires via_vendor_marker into the record and into a new VENDOR_BASE_LIBRARY_MARKER evidence entry","YES, same",BACKWARD_COMPATIBLE_EXTENSION (its own external signature/return shape is completely unchanged -- only its internal implementation and the extra evidence/field it can now populate),"This is the function every real external caller (cli.py/vip_callback_hook_extraction.py/scenario_pattern_command_txt_correspondence.py/vip_config_field_usage_coverage.py, indirectly via classify_vip_source()/load_index_and_classify()) actually calls -- its own signature (index, *, base_library_prefixes=..., project_sources=..., ...) -> VIPCapabilityExtractionReport is completely unchanged by B7B's diff"
classify_vip_source;load_index_and_classify,functions,YES,YES,YES,YES,YES,YES,IDENTICAL (signatures unchanged; forward to the unchanged-signature extract_vip_capabilities()),,
CAPABILITY_EXTRACTION_REPORT_NAME;format_report;write_capability_extraction_report;_STATUS_EXIT;execute_verb;main,constants/functions,YES,YES,YES,YES,YES,YES,IDENTICAL,not touched by B7B's diff
